Name,Date,Time
Aaron Morningsman,13/08/2023,
Bill Streamerson,06/08/2023,
Bill Streamerson,27/08/2023,
Bill Streamerson,17/09/2023,
Carrie Holliday,13/08/2023,
Carrie Holliday,20/08/2023,
Carrie Holliday,27/08/2023,
Carrie Holliday,03/09/2023,
Carrie Holliday,10/09/2023,
Damien Sightly,17/09/2023,
Eve Ning,20/08/2023,
Eve Ning,24/09/2023,
Fatima Noisemaker,06/08/2023,Morning
Fatima Noisemaker,13/08/2023,Evening
Fatima Noisemaker,20/08/2023,Morning
Fatima Noisemaker,27/08/2023,Evening
Fatima Noisemaker,03/09/2023,Morning
Fatima Noisemaker,10/09/2023,Evening
Fatima Noisemaker,17/09/2023,Morning
Fatima Noisemaker,24/09/2023,Evening
Graham Polymath,13/08/2023,Morning
Graham Polymath,20/08/2023,Morning
Graham Polymath,17/09/2023,Evening
Graham Polymath,24/09/2023,Evening
Harriet Audio,03/09/2023,
Ian Andout,06/08/2023,
Ian Andout,20/08/2023,
Ian Andout,03/09/2023,
Ian Andout,17/09/2023,
John McSoundStream,20/08/2023,Evening
John McSoundStream,10/09/2023,
John McSoundStream,17/09/2023,Evening
Luke Atme,20/08/2023,
Luke Atme,10/09/2023,